{
    "Cam0": {
        "distortion": [
            [
                1.97824620e-01,
                -5.40740118e-01,
                -2.20388047e-04,
                -1.71340889e-04,
                4.86373167e-01
            ]
        ],
        "intrinsicMat": [
            [
                851.85742014,
                0.0,
                359.95340436
            ],
            [
                0.0,
                852.46647166,
                638.73180486
            ],
            [
                0.0,
                0.0,
                1.0
            ]
        ],
        "imageSize": [
            [
                1280.0
            ],
            [
                720.0
            ]
        ],
        "rotation": [
            [
                0.92887164,
                0.02065717,
                0.36982531
            ],
            [
                -0.01877869,
                0.99978599,
                -0.00867913
            ],
            [
                -0.36992545,
                0.00111697,
                0.92906077
            ]
        ],
        "translation": [
            [
                -51.98776699
            ],
            [
                -282.42012548
            ],
            [
                4624.63048278
            ]
        ],
        "rotation_EulerAngles": [
            [
                0.00501761
            ],
            [
                0.3789039
            ],
            [
                -0.02019924
            ]
        ]
    },
    "Cam1": {
        "distortion": [
            [
                1.48304065e-01,
                -4.81650530e-01,
                1.37250875e-03,
                -1.89101181e-04,
                5.65745491e-01
            ]
        ],
        "intrinsicMat": [
            [
                907.45476157,
                0.0,
                361.90754459
            ],
            [
                0.0,
                907.63975618,
                643.16993599
            ],
            [
                0.0,
                0.0,
                1.0
            ]
        ],
        "imageSize": [
            [
                1280.0
            ],
            [
                720.0
            ]
        ],
        "rotation": [
            [
                0.93593274,
                0.01051157,
                -0.35202189
            ],
            [
                -0.00475419,
                0.9998405,
                0.01721566
            ],
            [
                0.35214671,
                -0.01443911,
                0.93583343
            ]
        ],
        "translation": [
            [
                -1033.83689643
            ],
            [
                -321.21701157
            ],
            [
                4115.52418162
            ]
        ],
        "rotation_EulerAngles": [
            [
                -0.01617502
            ],
            [
                -0.35981746
            ],
            [
                -0.00780053
            ]
        ]
    }
}