{
    "Cam0": {
        "KK": [
            3686.677002,
            0.000000,
            1227.500000,
            0.000000,
            3686.677002,
            1026.500000,
            0.000000,
            0.000000,
            1.000000
        ],
        "R": [
            0.949232,
            -0.308070,
            0.063649,
            0.038539,
            0.314694,
            0.948411,
            -0.312207,
            -0.897809,
            0.310590
        ],
        "T": [
            -285.281403,
            -133.821884,
            3620.977783
        ],
        "kc": [
            -0.049785,
            0.000000,
            0.003852,
            0.000000,
            0.000000
        ],
        "alpha": 0.000000,
        "poscam": [
            1406.449829,
            3205.172363,
            -979.563110
        ],
        "img_width": 2456,
        "img_height": 2054
    }
}